{
  "schemaVersion": 1,
  "experimentId": "hector-asi-qwen15-v59-slic",
  "status": "rejected-for-champion",
  "decision": "retain-v41",
  "baseModel": "Qwen/Qwen2.5-1.5B-Instruct",
  "baseRevision": "989aa7980e4cf806f80c7fef2b1adb7bc71aa306",
  "sourceChampion": {
    "runtimeId": "hector-asi-qwen15-v41",
    "artifactId": 8560331055,
    "adapterSha256": "31bead5f59982d8e321517fd235b81f992f83d2e3792a55690c2a841ff0e28f8",
    "adapterBytes": 73911112
  },
  "training": {
    "runId": 30059024473,
    "artifactId": 8584510592,
    "artifactDigest": "sha256:b115167e558196bbdda678c35496d0c585c96d7d877465ad0b583d712690abc8",
    "artifactExpiresAt": "2026-10-22T01:27:50Z",
    "adapterSha256": "35953cdc653a54d19d6b729487f826da71c50e390ce4b34ac16099fa9a4ac8e5",
    "adapterBytes": 73911112,
    "replicasByteIdentical": true,
    "method": "SLiC-HF calibrated against cached v41 chosen-minus-rejected margins with chosen response CE, relative ranking hinge and LoRA trust penalty",
    "hyperparameters": {
      "epochs": 3,
      "learningRate": 0.000002,
      "maxLength": 160,
      "relativeMargin": 0.12,
      "rankLambda": 0.55,
      "anchorLambda": 0.03,
      "seed": 3059
    },
    "runtime": {
      "secondsReplicaA": 1285.6368851661682,
      "secondsReplicaB": 1260.485825061798,
      "peakRssMbReplicaA": 11852.953125,
      "peakRssMbReplicaB": 11519.921875,
      "python": "3.11.15",
      "torch": "2.7.1+cpu",
      "hardware": "Linux-6.17.0-1020-azure-x86_64-with-glibc2.39"
    }
  },
  "dataset": {
    "trainPairs": 12,
    "validationPairs": 6,
    "hiddenTestExamples": 18,
    "criticalHiddenExamples": 6,
    "crossSplitOverlap": 0,
    "privateUserData": false,
    "license": "author-generated Apache-2.0-compatible"
  },
  "comparison": {
    "validationObjective": {
      "v41": 2.268889923890432,
      "v59": 2.109822432200114,
      "relativeImprovement": 0.070107198
    },
    "behavior": {
      "v41Passed": 11,
      "v59Passed": 10,
      "total": 18,
      "v41CriticalPassed": 6,
      "v59CriticalPassed": 6,
      "criticalTotal": 6,
      "v41MeanTokens": 20.88888888888889,
      "v59MeanTokens": 24.666666666666668,
      "tokenRatio": 1.180851064,
      "v41MeanLatencyMsReplicaA": 7765.676613388889,
      "v59MeanLatencyMsReplicaA": 8944.624892833328,
      "latencyRatioReplicaA": 1.151819,
      "v41MeanLatencyMsReplicaB": 7895.33046899996,
      "v59MeanLatencyMsReplicaB": 8973.93897277781,
      "latencyRatioReplicaB": 1.136613
    }
  },
  "gates": {
    "weightsChanged": true,
    "replicasByteIdentical": true,
    "validationImproved": true,
    "criticalPerfect": true,
    "noCriticalRegression": true,
    "behavioralImprovement": false,
    "tokenLengthAcceptable": false,
    "latencyAcceptable": false,
    "eligibleForChampion": false
  },
  "finding": "SLiC reduced the calibrated validation objective and preserved all six critical-safety passes, but lost one behavioral case and increased output length by about 18 percent. Latency was at or above the 1.15x gate depending on the deterministic replica timing. The candidate is not eligible for promotion.",
  "doNotRepeat": [
    "SLiC-HF from v41 with relative margin 0.12, rank lambda 0.55, anchor 0.03, learning rate 2e-6, three epochs, seed 3059 and this 12/6/18 split"
  ],
  "rollback": "hector-asi-qwen15-v41"
}
